<?xml version='1.0' encoding='UTF-8'?>
<?artifactRepository version='1.1.0'?>
<repository name='Bundle pool' type='org.eclipse.equinox.p2.artifact.repository.simpleRepository' version='1'>
  <properties size='2'>
    <property name='p2.system' value='true'/>
    <property name='p2.timestamp' value='1452564038595'/>
  </properties>
  <mappings size='3'>
    <rule filter='(&amp; (classifier=osgi.bundle))' output='${repoUrl}/plugins/${id}_${version}.jar'/>
    <rule filter='(&amp; (classifier=binary))' output='${repoUrl}/binary/${id}_${version}'/>
    <rule filter='(&amp; (classifier=org.eclipse.update.feature))' output='${repoUrl}/features/${id}_${version}.jar'/>
  </mappings>
  <artifacts size='267'>
    <artifact classifier='osgi.bundle' id='org.eclipse.epsilon.eol.engine' version='1.2.0.201408251031'>
      <properties size='1'>
        <property name='download.size' value='827911'/>
      </properties>
    </artifact>
    <artifact classifier='osgi.bundle' id='org.eclipse.jetty.continuation' version='8.1.14.v20131031'>
      <properties size='1'>
        <property name='download.size' value='27561'/>
      </properties>
    </artifact>
    <artifact classifier='osgi.bundle' id='org.eclipse.e4.ui.widgets' version='1.0.0.v20140514-1823'>
      <properties size='1'>
        <property name='download.size' value='14566'/>
      </properties>
    </artifact>
    <artifact classifier='osgi.bundle' id='org.eclipse.equinox.p2.ui.importexport' version='1.1.0.v20131210-1027'>
      <properties size='1'>
        <property name='download.size' value='119442'/>
      </properties>
    </artifact>
    <artifact classifier='osgi.bundle' id='org.eclipse.swt' version='3.103.0.v20140605-2008'>
      <properties size='1'>
        <property name='download.size' value='18474'/>
      </properties>
    </artifact>
    <artifact classifier='osgi.bundle' id='org.eclipse.gmf.runtime.emf.commands.core' version='1.7.0.201406111639'>
      <properties size='1'>
        <property name='download.size' value='27974'/>
      </properties>
    </artifact>
    <artifact classifier='osgi.bundle' id='br.ufpe.cin.eercase.product' version='1.0.0.201601112300'>
      <properties size='1'>
        <property name='download.size' value='506723'/>
      </properties>
    </artifact>
    <artifact classifier='osgi.bundle' id='org.eclipse.core.net' version='1.2.200.v20140124-2013'>
      <properties size='1'>
        <property name='download.size' value='70434'/>
      </properties>
    </artifact>
    <artifact classifier='osgi.bundle' id='org.eclipse.epsilon.evl.emf.validation' version='1.2.0.201408251031'>
      <properties size='1'>
        <property name='download.size' value='54443'/>
      </properties>
    </artifact>
    <artifact classifier='osgi.bundle' id='org.eclipse.equinox.p2.ui.discovery' version='1.0.100.v20131210-1027'>
      <properties size='1'>
        <property name='download.size' value='152437'/>
      </properties>
    </artifact>
    <artifact classifier='osgi.bundle' id='org.eclipse.xsd' version='2.10.0.v20140519-0339'>
      <properties size='1'>
        <property name='download.size' value='996098'/>
      </properties>
    </artifact>
    <artifact classifier='osgi.bundle' id='org.apache.batik.dom.svg' version='1.6.0.v201011041432'>
      <properties size='1'>
        <property name='download.size' value='481635'/>
      </properties>
    </artifact>
    <artifact classifier='osgi.bundle' id='org.sat4j.core' version='2.3.5.v201308161310'>
      <properties size='1'>
        <property name='download.size' value='363576'/>
      </properties>
    </artifact>
    <artifact classifier='osgi.bundle' id='org.eclipse.equinox.p2.ql' version='2.0.100.v20131211-1531'>
      <properties size='1'>
        <property name='download.size' value='9087'/>
      </properties>
    </artifact>
    <artifact classifier='osgi.bundle' id='br.ufpe.cin.eercase.edit' version='1.0.0.201601112300'>
      <properties size='1'>
        <property name='download.size' value='522641'/>
      </properties>
    </artifact>
    <artifact classifier='osgi.bundle' id='org.eclipse.emf.ecore.change' version='2.10.0.v20150123-0348'>
      <properties size='1'>
        <property name='download.size' value='86647'/>
      </properties>
    </artifact>
    <artifact classifier='osgi.bundle' id='org.eclipse.ui.editors' version='3.8.200.v20140401-1310'>
      <properties size='1'>
        <property name='download.size' value='577058'/>
      </properties>
    </artifact>
    <artifact classifier='osgi.bundle' id='org.eclipse.gmf.runtime.common.ui.printing' version='1.7.0.201406111639'>
      <properties size='1'>
        <property name='download.size' value='14224'/>
      </properties>
    </artifact>
    <artifact classifier='osgi.bundle' id='org.eclipse.equinox.p2.artifact.repository' version='1.1.300.v20131211-1531'>
      <properties size='1'>
        <property name='download.size' value='135802'/>
      </properties>
    </artifact>
    <artifact classifier='osgi.bundle' id='org.eclipse.core.databinding.property' version='1.4.200.v20140214-0004'>
      <properties size='1'>
        <property name='download.size' value='169049'/>
      </properties>
    </artifact>
    <artifact classifier='osgi.bundle' id='org.apache.batik.svggen' version='1.6.0.v201011041432'>
      <properties size='1'>
        <property name='download.size' value='197701'/>
      </properties>
    </artifact>
    <artifact classifier='osgi.bundle' id='org.eclipse.core.databinding' version='1.4.1.v20140214-0004'>
      <properties size='1'>
        <property name='download.size' value='202124'/>
      </properties>
    </artifact>
    <artifact classifier='osgi.bundle' id='org.eclipse.core.variables' version='3.2.800.v20130819-1716'>
      <properties size='1'>
        <property name='download.size' value='34860'/>
      </properties>
    </artifact>
    <artifact classifier='osgi.bundle' id='org.eclipse.gmf.runtime.lite.svg' version='1.0.0.201406111907'>
      <properties size='1'>
        <property name='download.size' value='23256'/>
      </properties>
    </artifact>
    <artifact classifier='osgi.bundle' id='org.eclipse.equinox.frameworkadmin' version='2.0.100.v20131209-2144'>
      <properties size='1'>
        <property name='download.size' value='36535'/>
      </properties>
    </artifact>
    <artifact classifier='osgi.bundle' id='org.eclipse.equinox.http.jetty' version='3.0.200.v20131021-1843'>
      <properties size='1'>
        <property name='download.size' value='25190'/>
      </properties>
    </artifact>
    <artifact classifier='osgi.bundle' id='org.eclipse.core.filesystem.java7' version='1.0.0.v20140429-1531'>
      <properties size='1'>
        <property name='download.size' value='14977'/>
      </properties>
    </artifact>
    <artifact classifier='osgi.bundle' id='org.eclipse.epsilon.ewl.emf' version='1.2.0.201408251031'>
      <properties size='1'>
        <property name='download.size' value='117783'/>
      </properties>
    </artifact>
    <artifact classifier='osgi.bundle' id='org.apache.batik.css' version='1.7.0.v201011041433'>
      <properties size='1'>
        <property name='download.size' value='343722'/>
      </properties>
    </artifact>
    <artifact classifier='osgi.bundle' id='org.eclipse.ecf' version='3.4.0.v20140528-1625'>
      <properties size='1'>
        <property name='download.size' value='103300'/>
      </properties>
    </artifact>
    <artifact classifier='osgi.bundle' id='org.eclipse.emf.ecore' version='2.10.2.v20150123-0348'>
      <properties size='1'>
        <property name='download.size' value='1189464'/>
      </properties>
    </artifact>
    <artifact classifier='osgi.bundle' id='org.eclipse.emf.ecore.editor' version='2.10.1.v20150123-0452'>
      <properties size='1'>
        <property name='download.size' value='111346'/>
      </properties>
    </artifact>
    <artifact classifier='osgi.bundle' id='org.eclipse.ui.workbench' version='3.106.0.v20140530-0732'>
      <properties size='1'>
        <property name='download.size' value='4007047'/>
      </properties>
    </artifact>
    <artifact classifier='osgi.bundle' id='org.eclipse.emf.edit.ui' version='2.10.2.v20150123-0452'>
      <properties size='1'>
        <property name='download.size' value='233111'/>
      </properties>
    </artifact>
    <artifact classifier='osgi.bundle' id='org.eclipse.ltk.core.refactoring' version='3.6.100.v20140520-1248'>
      <properties size='1'>
        <property name='download.size' value='326194'/>
      </properties>
    </artifact>
    <artifact classifier='osgi.bundle' id='org.eclipse.equinox.http.servlet' version='1.1.500.v20140318-1755'>
      <properties size='1'>
        <property name='download.size' value='44976'/>
      </properties>
    </artifact>
    <artifact classifier='osgi.bundle' id='org.eclipse.gmf.runtime.diagram.ui.dnd' version='1.7.0.201406111639'>
      <properties size='1'>
        <property name='download.size' value='18410'/>
      </properties>
    </artifact>
    <artifact classifier='osgi.bundle' id='org.eclipse.datatools.connectivity.sqm.core.ui' version='1.2.3.v201212070447'>
      <properties size='1'>
        <property name='download.size' value='336822'/>
      </properties>
    </artifact>
    <artifact classifier='osgi.bundle' id='org.eclipse.emf.edit' version='2.10.1.v20150123-0452'>
      <properties size='1'>
        <property name='download.size' value='278512'/>
      </properties>
    </artifact>
    <artifact classifier='osgi.bundle' id='org.eclipse.epsilon.emc.emf' version='1.2.0.201408251031'>
      <properties size='1'>
        <property name='download.size' value='176426'/>
      </properties>
    </artifact>
    <artifact classifier='osgi.bundle' id='org.eclipse.e4.ui.workbench.renderers.swt' version='0.12.0.v20140521-1818'>
      <properties size='1'>
        <property name='download.size' value='358396'/>
      </properties>
    </artifact>
    <artifact classifier='osgi.bundle' id='org.eclipse.equinox.event' version='1.3.100.v20140115-1647'>
      <properties size='1'>
        <property name='download.size' value='32352'/>
      </properties>
    </artifact>
    <artifact classifier='osgi.bundle' id='org.eclipse.gmf.runtime.notation.providers' version='1.7.0.201406111639'>
      <properties size='1'>
        <property name='download.size' value='28180'/>
      </properties>
    </artifact>
    <artifact classifier='osgi.bundle' id='org.eclipse.gmf.runtime.diagram.ui' version='1.8.0.201406111639'>
      <properties size='1'>
        <property name='download.size' value='1172073'/>
      </properties>
    </artifact>
    <artifact classifier='osgi.bundle' id='org.eclipse.equinox.p2.reconciler.dropins' version='1.1.200.v20131119-0908'>
      <properties size='1'>
        <property name='download.size' value='48552'/>
      </properties>
    </artifact>
    <artifact classifier='osgi.bundle' id='org.eclipse.debug.ui' version='3.10.0.v20140604-1637'>
      <properties size='1'>
        <property name='download.size' value='2839129'/>
      </properties>
    </artifact>
    <artifact classifier='osgi.bundle' id='org.eclipse.e4.core.di.extensions' version='0.12.0.v20140417-2033'>
      <properties size='1'>
        <property name='download.size' value='28576'/>
      </properties>
    </artifact>
    <artifact classifier='osgi.bundle' id='org.eclipse.equinox.p2.ui.sdk.scheduler' version='1.2.0.v20140422-1847'>
      <properties size='1'>
        <property name='download.size' value='115412'/>
      </properties>
    </artifact>
    <artifact classifier='osgi.bundle' id='org.eclipse.equinox.registry' version='3.5.400.v20140428-1507'>
      <properties size='1'>
        <property name='download.size' value='183511'/>
      </properties>
    </artifact>
    <artifact classifier='osgi.bundle' id='org.eclipse.ui' version='3.106.0.v20140519-0906'>
      <properties size='1'>
        <property name='download.size' value='268702'/>
      </properties>
    </artifact>
    <artifact classifier='osgi.bundle' id='br.ufpe.cin.eercase.figure' version='1.0.0.201601112300'>
      <properties size='1'>
        <property name='download.size' value='5209'/>
      </properties>
    </artifact>
    <artifact classifier='osgi.bundle' id='org.eclipse.gmf.runtime.diagram.ui.actions' version='1.7.0.201406111639'>
      <properties size='1'>
        <property name='download.size' value='214669'/>
      </properties>
    </artifact>
    <artifact classifier='osgi.bundle' id='org.eclipse.epsilon.evl.engine' version='1.2.0.201408251031'>
      <properties size='1'>
        <property name='download.size' value='496117'/>
      </properties>
    </artifact>
    <artifact classifier='osgi.bundle' id='org.eclipse.gmf.runtime.common.ui.services' version='1.7.0.201406111639'>
      <properties size='1'>
        <property name='download.size' value='98501'/>
      </properties>
    </artifact>
    <artifact classifier='osgi.bundle' id='org.eclipse.ui.browser' version='3.4.200.v20131003-1453'>
      <properties size='1'>
        <property name='download.size' value='192765'/>
      </properties>
    </artifact>
    <artifact classifier='osgi.bundle' id='org.eclipse.compare' version='3.5.500.v20131106-1552'>
      <properties size='1'>
        <property name='download.size' value='755145'/>
      </properties>
    </artifact>
    <artifact classifier='osgi.bundle' id='org.eclipse.equinox.bidi' version='0.10.0.v20130327-1442'>
      <properties size='1'>
        <property name='download.size' value='48549'/>
      </properties>
    </artifact>
    <artifact classifier='osgi.bundle' id='org.eclipse.equinox.launcher.gtk.linux.x86_64' version='1.1.200.v20140603-1326'>
      <properties size='1'>
        <property name='download.size' value='80922'/>
      </properties>
      <repositoryProperties size='1'>
        <property name='artifact.folder' value='true'/>
      </repositoryProperties>
    </artifact>
    <artifact classifier='osgi.bundle' id='org.eclipse.gmf.runtime.common.ui.printing.win32' version='1.7.0.201406111639'>
      <properties size='1'>
        <property name='download.size' value='765754'/>
      </properties>
    </artifact>
    <artifact classifier='osgi.bundle' id='org.apache.batik.util.gui' version='1.6.0.v201011041432'>
      <properties size='1'>
        <property name='download.size' value='175433'/>
      </properties>
    </artifact>
    <artifact classifier='osgi.bundle' id='org.eclipse.gmf.runtime.gef.ui' version='1.7.0.201406111639'>
      <properties size='1'>
        <property name='download.size' value='99582'/>
      </properties>
    </artifact>
    <artifact classifier='osgi.bundle' id='org.eclipse.epsilon.ewl.engine' version='1.2.0.201408251031'>
      <properties size='1'>
        <property name='download.size' value='275315'/>
      </properties>
    </artifact>
    <artifact classifier='osgi.bundle' id='org.eclipse.e4.ui.bindings' version='0.10.200.v20140424-2042'>
      <properties size='1'>
        <property name='download.size' value='49649'/>
      </properties>
    </artifact>
    <artifact classifier='osgi.bundle' id='org.eclipse.equinox.util' version='1.0.500.v20130404-1337'>
      <properties size='1'>
        <property name='download.size' value='77932'/>
      </properties>
    </artifact>
    <artifact classifier='osgi.bundle' id='org.eclipse.gmf.runtime.draw2d.ui.render' version='1.7.0.201406111639'>
      <properties size='1'>
        <property name='download.size' value='47993'/>
      </properties>
    </artifact>
    <artifact classifier='osgi.bundle' id='org.eclipse.gmf.runtime.common.ui.services.action' version='1.7.0.201406111639'>
      <properties size='1'>
        <property name='download.size' value='117129'/>
      </properties>
    </artifact>
    <artifact classifier='osgi.bundle' id='org.eclipse.swt.gtk.linux.x86_64' version='3.103.0.v20140605-2012'>
      <properties size='1'>
        <property name='download.size' value='2595147'/>
      </properties>
    </artifact>
    <artifact classifier='osgi.bundle' id='br.ufpe.cin.eercase.validation' version='1.0.0.201601112300'>
      <properties size='1'>
        <property name='download.size' value='19083'/>
      </properties>
    </artifact>
    <artifact classifier='osgi.bundle' id='org.eclipse.help.base' version='4.0.200.v20140606-1215'>
      <properties size='1'>
        <property name='download.size' value='407128'/>
      </properties>
    </artifact>
    <artifact classifier='osgi.bundle' id='org.eclipse.equinox.p2.discovery.compatibility' version='1.0.200.v20131211-1531'>
      <properties size='1'>
        <property name='download.size' value='56571'/>
      </properties>
    </artifact>
    <artifact classifier='osgi.bundle' id='org.eclipse.gmf.tooling.runtime' version='3.2.0.201406111907'>
      <properties size='1'>
        <property name='download.size' value='146055'/>
      </properties>
    </artifact>
    <artifact classifier='osgi.bundle' id='org.eclipse.e4.ui.css.swt.theme' version='0.9.300.v20140424-2042'>
      <properties size='1'>
        <property name='download.size' value='26431'/>
      </properties>
    </artifact>
    <artifact classifier='osgi.bundle' id='org.eclipse.jface' version='3.10.0.v20140604-0740'>
      <properties size='1'>
        <property name='download.size' value='1149352'/>
      </properties>
    </artifact>
    <artifact classifier='osgi.bundle' id='org.eclipse.debug.core' version='3.9.0.v20140521-1435'>
      <properties size='1'>
        <property name='download.size' value='358171'/>
      </properties>
    </artifact>
    <artifact classifier='osgi.bundle' id='org.eclipse.gmf.runtime.emf.core' version='1.7.0.201406111639'>
      <properties size='1'>
        <property name='download.size' value='111631'/>
      </properties>
    </artifact>
    <artifact classifier='osgi.bundle' id='javax.servlet' version='3.0.0.v201112011016'>
      <properties size='1'>
        <property name='download.size' value='201594'/>
      </properties>
    </artifact>
    <artifact classifier='osgi.bundle' id='org.w3c.dom.events' version='3.0.0.draft20060413_v201105210656'>
      <properties size='1'>
        <property name='download.size' value='13309'/>
      </properties>
    </artifact>
    <artifact classifier='osgi.bundle' id='org.eclipse.e4.core.contexts' version='1.3.100.v20140407-1019'>
      <properties size='1'>
        <property name='download.size' value='49023'/>
      </properties>
    </artifact>
    <artifact classifier='osgi.bundle' id='org.eclipse.osgi.services' version='3.4.0.v20140312-2051'>
      <properties size='1'>
        <property name='download.size' value='90686'/>
      </properties>
    </artifact>
    <artifact classifier='osgi.bundle' id='org.eclipse.gmf.runtime.diagram.ui.geoshapes' version='1.7.0.201406111639'>
      <properties size='1'>
        <property name='download.size' value='98491'/>
      </properties>
    </artifact>
    <artifact classifier='osgi.bundle' id='org.eclipse.ecf.provider.filetransfer' version='3.2.200.v20140528-1625'>
      <properties size='1'>
        <property name='download.size' value='127890'/>
      </properties>
    </artifact>
    <artifact classifier='osgi.bundle' id='org.eclipse.equinox.p2.transport.ecf' version='1.1.0.v20140408-1354'>
      <properties size='1'>
        <property name='download.size' value='41605'/>
      </properties>
    </artifact>
    <artifact classifier='osgi.bundle' id='org.eclipse.jetty.server' version='8.1.14.v20131031'>
      <properties size='1'>
        <property name='download.size' value='370503'/>
      </properties>
    </artifact>
    <artifact classifier='osgi.bundle' id='br.ufpe.cin.eercase.diagram' version='1.0.0.201601112300'>
      <properties size='1'>
        <property name='download.size' value='2961365'/>
      </properties>
    </artifact>
    <artifact classifier='osgi.bundle' id='org.eclipse.equinox.p2.console' version='1.0.300.v20131113-1212'>
      <properties size='1'>
        <property name='download.size' value='27699'/>
      </properties>
    </artifact>
    <artifact classifier='osgi.bundle' id='org.eclipse.jdt.annotation' version='2.0.0.v20140415-1436'>
      <properties size='1'>
        <property name='download.size' value='17625'/>
      </properties>
    </artifact>
    <artifact classifier='osgi.bundle' id='org.eclipse.datatools.sqltools.result' version='1.1.6.v201402080246'>
      <properties size='1'>
        <property name='download.size' value='93732'/>
      </properties>
    </artifact>
    <artifact classifier='osgi.bundle' id='org.apache.batik.util' version='1.7.0.v201011041433'>
      <properties size='1'>
        <property name='download.size' value='150535'/>
      </properties>
    </artifact>
    <artifact classifier='osgi.bundle' id='org.eclipse.gmf.runtime.diagram.ui.providers' version='1.7.0.201406111639'>
      <properties size='1'>
        <property name='download.size' value='134882'/>
      </properties>
    </artifact>
    <artifact classifier='osgi.bundle' id='org.eclipse.emf.ecore.edit' version='2.9.0.v20150123-0452'>
      <properties size='1'>
        <property name='download.size' value='127481'/>
      </properties>
    </artifact>
    <artifact classifier='osgi.bundle' id='org.eclipse.gmf.runtime.diagram.ui.resources.editor' version='1.7.0.201406111639'>
      <properties size='1'>
        <property name='download.size' value='120731'/>
      </properties>
    </artifact>
    <artifact classifier='osgi.bundle' id='org.eclipse.ui.ide.application' version='1.0.500.v20140514-2033'>
      <properties size='1'>
        <property name='download.size' value='72955'/>
      </properties>
    </artifact>
    <artifact classifier='osgi.bundle' id='org.eclipse.equinox.p2.updatesite' version='1.0.400.v20131211-1531'>
      <properties size='1'>
        <property name='download.size' value='92216'/>
      </properties>
    </artifact>
    <artifact classifier='osgi.bundle' id='org.eclipse.gmf.runtime.notation.sdk' version='1.7.0.201405281433'>
      <properties size='1'>
        <property name='download.size' value='13655'/>
      </properties>
    </artifact>
    <artifact classifier='osgi.bundle' id='org.eclipse.equinox.p2.extensionlocation' version='1.2.100.v20131119-0908'>
      <properties size='1'>
        <property name='download.size' value='35308'/>
      </properties>
    </artifact>
    <artifact classifier='osgi.bundle' id='org.eclipse.datatools.connectivity.sqm.core' version='1.2.8.v201401230755'>
      <properties size='1'>
        <property name='download.size' value='334343'/>
      </properties>
    </artifact>
    <artifact classifier='osgi.bundle' id='org.eclipse.ui.views' version='3.7.0.v20140408-0703'>
      <properties size='1'>
        <property name='download.size' value='97419'/>
      </properties>
    </artifact>
    <artifact classifier='osgi.bundle' id='javax.inject' version='1.0.0.v20091030'>
      <properties size='1'>
        <property name='download.size' value='12288'/>
      </properties>
    </artifact>
    <artifact classifier='osgi.bundle' id='org.eclipse.core.databinding.observable' version='1.4.1.v20140210-1835'>
      <properties size='1'>
        <property name='download.size' value='297390'/>
      </properties>
    </artifact>
    <artifact classifier='osgi.bundle' id='org.eclipse.equinox.p2.core' version='2.3.0.v20131211-1531'>
      <properties size='1'>
        <property name='download.size' value='71246'/>
      </properties>
    </artifact>
    <artifact classifier='osgi.bundle' id='org.eclipse.jface.text' version='3.9.0.v20140521-1657'>
      <properties size='1'>
        <property name='download.size' value='995019'/>
      </properties>
    </artifact>
    <artifact classifier='osgi.bundle' id='org.eclipse.ui.console' version='3.5.300.v20140424-1437'>
      <properties size='1'>
        <property name='download.size' value='179299'/>
      </properties>
    </artifact>
    <artifact classifier='osgi.bundle' id='org.eclipse.datatools.modelbase.sql.query' version='1.1.4.v201212120619'>
      <properties size='1'>
        <property name='download.size' value='610912'/>
      </properties>
    </artifact>
    <artifact classifier='osgi.bundle' id='org.eclipse.equinox.p2.ui.sdk' version='1.0.300.v20140407-1803'>
      <properties size='1'>
        <property name='download.size' value='48258'/>
      </properties>
    </artifact>
    <artifact classifier='osgi.bundle' id='org.eclipse.ui.navigator' version='3.5.400.v20140210-1835'>
      <properties size='1'>
        <property name='download.size' value='406380'/>
      </properties>
    </artifact>
    <artifact classifier='osgi.bundle' id='org.eclipse.datatools.help' version='1.5.0.v200906020553'>
      <properties size='1'>
        <property name='download.size' value='15864'/>
      </properties>
    </artifact>
    <artifact classifier='osgi.bundle' id='org.eclipse.equinox.frameworkadmin.equinox' version='1.0.500.v20131211-1531'>
      <properties size='1'>
        <property name='download.size' value='63663'/>
      </properties>
    </artifact>
    <artifact classifier='osgi.bundle' id='org.eclipse.core.net.linux.x86_64' version='1.1.100.v20140124-2013'>
      <properties size='1'>
        <property name='download.size' value='38805'/>
      </properties>
    </artifact>
    <artifact classifier='osgi.bundle' id='org.eclipse.epsilon.dependencies' version='1.2.0.201408251031'>
      <properties size='1'>
        <property name='download.size' value='5879'/>
      </properties>
    </artifact>
    <artifact classifier='osgi.bundle' id='org.apache.batik.ext.awt' version='1.6.0.v201011041432'>
      <properties size='1'>
        <property name='download.size' value='409867'/>
      </properties>
    </artifact>
    <artifact classifier='osgi.bundle' id='lpg.runtime.java' version='2.0.17.v201004271640'>
      <properties size='1'>
        <property name='download.size' value='117406'/>
      </properties>
    </artifact>
    <artifact classifier='osgi.bundle' id='org.eclipse.equinox.p2.jarprocessor' version='1.0.300.v20131211-1531'>
      <properties size='1'>
        <property name='download.size' value='68515'/>
      </properties>
    </artifact>
    <artifact classifier='osgi.bundle' id='org.eclipse.epsilon.emf.dt' version='1.2.0.201408251031'>
      <properties size='1'>
        <property name='download.size' value='171125'/>
      </properties>
    </artifact>
    <artifact classifier='osgi.bundle' id='org.eclipse.gmf.runtime.diagram.ui.printing' version='1.7.0.201406111639'>
      <properties size='1'>
        <property name='download.size' value='88337'/>
      </properties>
    </artifact>
    <artifact classifier='osgi.bundle' id='org.eclipse.gmf.runtime.common.ui.action' version='1.7.0.201406111639'>
      <properties size='1'>
        <property name='download.size' value='99292'/>
      </properties>
    </artifact>
    <artifact classifier='osgi.bundle' id='org.eclipse.core.runtime.compatibility.registry' version='3.5.300.v20140128-0851'>
      <properties size='1'>
        <property name='download.size' value='19010'/>
      </properties>
      <repositoryProperties size='1'>
        <property name='artifact.folder' value='true'/>
      </repositoryProperties>
    </artifact>
    <artifact classifier='osgi.bundle' id='org.eclipse.ocl.common' version='1.2.0.v20140528-1458'>
      <properties size='1'>
        <property name='download.size' value='34182'/>
      </properties>
    </artifact>
    <artifact classifier='osgi.bundle' id='org.eclipse.core.databinding.beans' version='1.2.200.v20140214-0004'>
      <properties size='1'>
        <property name='download.size' value='76517'/>
      </properties>
    </artifact>
    <artifact classifier='osgi.bundle' id='org.eclipse.e4.ui.workbench' version='1.1.0.v20140528-1949'>
      <properties size='1'>
        <property name='download.size' value='282418'/>
      </properties>
    </artifact>
    <artifact classifier='osgi.bundle' id='org.eclipse.equinox.p2.engine' version='2.3.0.v20140506-1720'>
      <properties size='1'>
        <property name='download.size' value='204376'/>
      </properties>
    </artifact>
    <artifact classifier='osgi.bundle' id='org.eclipse.equinox.p2.metadata' version='2.2.0.v20131211-1531'>
      <properties size='1'>
        <property name='download.size' value='337848'/>
      </properties>
    </artifact>
    <artifact classifier='osgi.bundle' id='org.eclipse.epsilon.common.dt' version='1.2.0.201408251031'>
      <properties size='1'>
        <property name='download.size' value='422830'/>
      </properties>
    </artifact>
    <artifact classifier='osgi.bundle' id='org.eclipse.core.filebuffers' version='3.5.400.v20140127-1516'>
      <properties size='1'>
        <property name='download.size' value='114686'/>
      </properties>
    </artifact>
    <artifact classifier='osgi.bundle' id='org.eclipse.equinox.simpleconfigurator.manipulator' version='2.0.0.v20131217-1203'>
      <properties size='1'>
        <property name='download.size' value='25640'/>
      </properties>
    </artifact>
    <artifact classifier='osgi.bundle' id='org.eclipse.ecf.provider.filetransfer.ssl' version='1.0.0.v20140528-1625'>
      <properties size='1'>
        <property name='download.size' value='9676'/>
      </properties>
    </artifact>
    <artifact classifier='osgi.bundle' id='org.eclipse.emf.mapping.xsd2ecore' version='2.5.0.v20140519-0339'>
      <properties size='1'>
        <property name='download.size' value='31103'/>
      </properties>
    </artifact>
    <artifact classifier='osgi.bundle' id='org.eclipse.emf.workspace' version='1.5.1.201405281451'>
      <properties size='1'>
        <property name='download.size' value='85056'/>
      </properties>
    </artifact>
    <artifact classifier='osgi.bundle' id='org.eclipse.equinox.p2.director' version='2.3.100.v20140224-1921'>
      <properties size='1'>
        <property name='download.size' value='102906'/>
      </properties>
    </artifact>
    <artifact classifier='osgi.bundle' id='org.eclipse.gmf.runtime.notation.edit' version='1.7.0.201405281433'>
      <properties size='1'>
        <property name='download.size' value='245782'/>
      </properties>
    </artifact>
    <artifact classifier='osgi.bundle' id='org.eclipse.datatools.connectivity.db.generic' version='1.0.1.v201107221459'>
      <properties size='1'>
        <property name='download.size' value='15484'/>
      </properties>
    </artifact>
    <artifact classifier='osgi.bundle' id='org.eclipse.equinox.p2.repository' version='2.3.0.v20131211-1531'>
      <properties size='1'>
        <property name='download.size' value='129529'/>
      </properties>
    </artifact>
    <artifact classifier='osgi.bundle' id='org.eclipse.e4.ui.css.swt' version='0.11.100.v20140522-1045'>
      <properties size='1'>
        <property name='download.size' value='197129'/>
      </properties>
    </artifact>
    <artifact classifier='osgi.bundle' id='org.eclipse.jetty.security' version='8.1.14.v20131031'>
      <properties size='1'>
        <property name='download.size' value='98898'/>
      </properties>
    </artifact>
    <artifact classifier='osgi.bundle' id='org.eclipse.osgi' version='3.10.0.v20140606-1445'>
      <properties size='1'>
        <property name='download.size' value='1264040'/>
      </properties>
    </artifact>
    <artifact classifier='osgi.bundle' id='org.eclipse.ant.core' version='3.3.0.v20140518-0042'>
      <properties size='1'>
        <property name='download.size' value='106754'/>
      </properties>
    </artifact>
    <artifact classifier='osgi.bundle' id='org.eclipse.e4.ui.workbench.addons.swt' version='1.1.0.v20140602-1537'>
      <properties size='1'>
        <property name='download.size' value='144116'/>
      </properties>
    </artifact>
    <artifact classifier='osgi.bundle' id='org.eclipse.emf.mapping' version='2.8.0.v20150123-0452'>
      <properties size='1'>
        <property name='download.size' value='190714'/>
      </properties>
    </artifact>
    <artifact classifier='osgi.bundle' id='org.eclipse.gmf.runtime.common.core' version='1.7.0.201406111639'>
      <properties size='1'>
        <property name='download.size' value='114463'/>
      </properties>
    </artifact>
    <artifact classifier='osgi.bundle' id='org.eclipse.team.core' version='3.7.0.v20130514-1224'>
      <properties size='1'>
        <property name='download.size' value='403539'/>
      </properties>
    </artifact>
    <artifact classifier='osgi.bundle' id='org.eclipse.equinox.simpleconfigurator' version='1.1.0.v20131217-1203'>
      <properties size='1'>
        <property name='download.size' value='43387'/>
      </properties>
    </artifact>
    <artifact classifier='osgi.bundle' id='org.eclipse.core.filesystem.linux.x86_64' version='1.2.200.v20140124-1940'>
      <properties size='1'>
        <property name='download.size' value='10610'/>
      </properties>
    </artifact>
    <artifact classifier='osgi.bundle' id='org.eclipse.equinox.p2.publisher.eclipse' version='1.1.200.v20140414-0825'>
      <properties size='1'>
        <property name='download.size' value='213031'/>
      </properties>
    </artifact>
    <artifact classifier='osgi.bundle' id='org.eclipse.e4.core.commands' version='0.10.2.v20140424-2344'>
      <properties size='1'>
        <property name='download.size' value='25577'/>
      </properties>
    </artifact>
    <artifact classifier='osgi.bundle' id='org.eclipse.datatools.sqltools.sqlscrapbook' version='1.0.2.v201205310922'>
      <properties size='1'>
        <property name='download.size' value='135377'/>
      </properties>
    </artifact>
    <artifact classifier='osgi.bundle' id='org.eclipse.epsilon.erl.engine' version='1.2.0.201408251031'>
      <properties size='1'>
        <property name='download.size' value='35216'/>
      </properties>
    </artifact>
    <artifact classifier='osgi.bundle' id='javax.annotation' version='1.2.0.v201401042248'>
      <properties size='1'>
        <property name='download.size' value='28155'/>
      </properties>
    </artifact>
    <artifact classifier='osgi.bundle' id='org.eclipse.core.jobs' version='3.6.0.v20140424-0053'>
      <properties size='1'>
        <property name='download.size' value='97549'/>
      </properties>
    </artifact>
    <artifact classifier='osgi.bundle' id='org.eclipse.emf.common' version='2.10.1.v20150123-0348'>
      <properties size='1'>
        <property name='download.size' value='353695'/>
      </properties>
    </artifact>
    <artifact classifier='osgi.bundle' id='org.eclipse.datatools.modelbase.dbdefinition' version='1.0.2.v201107221519'>
      <properties size='1'>
        <property name='download.size' value='164024'/>
      </properties>
    </artifact>
    <artifact classifier='osgi.bundle' id='org.eclipse.core.commands' version='3.6.100.v20140528-1422'>
      <properties size='1'>
        <property name='download.size' value='109245'/>
      </properties>
    </artifact>
    <artifact classifier='osgi.bundle' id='org.eclipse.emf.validation' version='1.8.0.201405281429'>
      <properties size='1'>
        <property name='download.size' value='406459'/>
      </properties>
    </artifact>
    <artifact classifier='osgi.bundle' id='org.eclipse.equinox.p2.publisher' version='1.3.0.v20140129-1408'>
      <properties size='1'>
        <property name='download.size' value='109349'/>
      </properties>
    </artifact>
    <artifact classifier='osgi.bundle' id='org.eclipse.gmf.runtime.notation' version='1.8.0.201405281433'>
      <properties size='1'>
        <property name='download.size' value='377359'/>
      </properties>
    </artifact>
    <artifact classifier='osgi.bundle' id='org.eclipse.ui.workbench.texteditor' version='3.9.0.v20140411-1521'>
      <properties size='1'>
        <property name='download.size' value='585549'/>
      </properties>
    </artifact>
    <artifact classifier='osgi.bundle' id='org.w3c.dom.svg' version='1.1.0.v201011041433'>
      <properties size='1'>
        <property name='download.size' value='87897'/>
      </properties>
    </artifact>
    <artifact classifier='osgi.bundle' id='org.eclipse.equinox.launcher' version='1.3.0.v20140415-2008'>
      <properties size='1'>
        <property name='download.size' value='50200'/>
      </properties>
    </artifact>
    <artifact classifier='osgi.bundle' id='org.eclipse.e4.ui.model.workbench' version='1.1.0.v20140512-1820'>
      <properties size='1'>
        <property name='download.size' value='376065'/>
      </properties>
    </artifact>
    <artifact classifier='osgi.bundle' id='org.eclipse.jface.databinding' version='1.6.200.v20140528-1422'>
      <properties size='1'>
        <property name='download.size' value='278278'/>
      </properties>
    </artifact>
    <artifact classifier='osgi.bundle' id='org.eclipse.ecf.identity' version='3.4.0.v20140528-1625'>
      <properties size='1'>
        <property name='download.size' value='60441'/>
      </properties>
    </artifact>
    <artifact classifier='osgi.bundle' id='org.eclipse.gmf.runtime.common.ui.services.dnd.ide' version='1.7.0.201406111639'>
      <properties size='1'>
        <property name='download.size' value='23972'/>
      </properties>
    </artifact>
    <artifact classifier='osgi.bundle' id='org.eclipse.gmf.runtime.emf.type.core' version='1.7.0.201406111639'>
      <properties size='1'>
        <property name='download.size' value='168605'/>
      </properties>
    </artifact>
    <artifact classifier='osgi.bundle' id='org.eclipse.core.expressions' version='3.4.600.v20140128-0851'>
      <properties size='1'>
        <property name='download.size' value='88716'/>
      </properties>
    </artifact>
    <artifact classifier='osgi.bundle' id='org.eclipse.datatools.connectivity.ui' version='1.2.4.v201212070447'>
      <properties size='1'>
        <property name='download.size' value='552921'/>
      </properties>
    </artifact>
    <artifact classifier='osgi.bundle' id='org.eclipse.datatools.sqltools.sqleditor' version='1.0.4.v201212120623'>
      <properties size='1'>
        <property name='download.size' value='451670'/>
      </properties>
    </artifact>
    <artifact classifier='osgi.bundle' id='org.eclipse.text' version='3.5.300.v20130515-1451'>
      <properties size='1'>
        <property name='download.size' value='249432'/>
      </properties>
    </artifact>
    <artifact classifier='osgi.bundle' id='org.antlr.runtime_3.1.b1' version='3.1.0'>
      <properties size='1'>
        <property name='download.size' value='124354'/>
      </properties>
    </artifact>
    <artifact classifier='osgi.bundle' id='org.eclipse.gmf.runtime.diagram.ui.properties' version='1.7.0.201406111639'>
      <properties size='1'>
        <property name='download.size' value='212840'/>
      </properties>
    </artifact>
    <artifact classifier='osgi.bundle' id='javax.xml' version='1.3.4.v201005080400'>
      <properties size='1'>
        <property name='download.size' value='237996'/>
      </properties>
    </artifact>
    <artifact classifier='osgi.bundle' id='org.apache.batik.dom' version='1.6.0.v201011041432'>
      <properties size='1'>
        <property name='download.size' value='115424'/>
      </properties>
    </artifact>
    <artifact classifier='org.eclipse.update.feature' id='br.ufpe.cin.eercase.feature' version='1.0.7'>
      <properties size='1'>
        <property name='download.size' value='4545'/>
      </properties>
      <repositoryProperties size='1'>
        <property name='artifact.folder' value='true'/>
      </repositoryProperties>
    </artifact>
    <artifact classifier='osgi.bundle' id='org.apache.batik.util.gui' version='1.7.0.v200903091627'>
      <properties size='1'>
        <property name='download.size' value='201287'/>
      </properties>
    </artifact>
    <artifact classifier='osgi.bundle' id='org.eclipse.equinox.ds' version='1.4.200.v20131126-2331'>
      <properties size='1'>
        <property name='download.size' value='194802'/>
      </properties>
    </artifact>
    <artifact classifier='osgi.bundle' id='org.eclipse.equinox.p2.garbagecollector' version='1.0.200.v20131115-1210'>
      <properties size='1'>
        <property name='download.size' value='25061'/>
      </properties>
    </artifact>
    <artifact classifier='osgi.bundle' id='org.eclipse.e4.ui.services' version='1.1.0.v20140328-1925'>
      <properties size='1'>
        <property name='download.size' value='26059'/>
      </properties>
    </artifact>
    <artifact classifier='osgi.bundle' id='org.eclipse.equinox.concurrent' version='1.1.0.v20130327-1442'>
      <properties size='1'>
        <property name='download.size' value='25493'/>
      </properties>
    </artifact>
    <artifact classifier='osgi.bundle' id='org.eclipse.gef' version='3.9.100.201408150207'>
      <properties size='1'>
        <property name='download.size' value='848793'/>
      </properties>
    </artifact>
    <artifact classifier='osgi.bundle' id='org.apache.batik.bridge' version='1.6.0.v201011041432'>
      <properties size='1'>
        <property name='download.size' value='533274'/>
      </properties>
    </artifact>
    <artifact classifier='osgi.bundle' id='org.eclipse.gmf.runtime.common.ui.services.properties' version='1.7.0.201406111639'>
      <properties size='1'>
        <property name='download.size' value='74736'/>
      </properties>
    </artifact>
    <artifact classifier='osgi.bundle' id='org.eclipse.core.resources' version='3.9.0.v20140514-1307'>
      <properties size='1'>
        <property name='download.size' value='832487'/>
      </properties>
    </artifact>
    <artifact classifier='osgi.bundle' id='org.eclipse.datatools.sqltools.plan' version='1.0.0.v201107221520'>
      <properties size='1'>
        <property name='download.size' value='126306'/>
      </properties>
    </artifact>
    <artifact classifier='osgi.bundle' id='org.eclipse.ocl' version='3.4.0.v20140524-1358'>
      <properties size='1'>
        <property name='download.size' value='1150713'/>
      </properties>
    </artifact>
    <artifact classifier='osgi.bundle' id='org.eclipse.gmf.runtime.common.ui' version='1.7.0.201406111639'>
      <properties size='1'>
        <property name='download.size' value='252816'/>
      </properties>
    </artifact>
    <artifact classifier='osgi.bundle' id='org.apache.batik.xml' version='1.6.0.v201011041432'>
      <properties size='1'>
        <property name='download.size' value='41568'/>
      </properties>
    </artifact>
    <artifact classifier='osgi.bundle' id='org.eclipse.core.runtime' version='3.10.0.v20140318-2214'>
      <properties size='1'>
        <property name='download.size' value='75169'/>
      </properties>
    </artifact>
    <artifact classifier='osgi.bundle' id='org.eclipse.equinox.p2.metadata.repository' version='1.2.100.v20131209-2144'>
      <properties size='1'>
        <property name='download.size' value='114776'/>
      </properties>
    </artifact>
    <artifact classifier='org.eclipse.update.feature' id='br.ufpe.cin.eercase.platform.feature' version='1.0.3'>
      <properties size='1'>
        <property name='download.size' value='8408'/>
      </properties>
      <repositoryProperties size='1'>
        <property name='artifact.folder' value='true'/>
      </repositoryProperties>
    </artifact>
    <artifact classifier='osgi.bundle' id='com.ibm.icu' version='52.1.0.v201404241930'>
      <properties size='1'>
        <property name='download.size' value='10731781'/>
      </properties>
    </artifact>
    <artifact classifier='osgi.bundle' id='org.eclipse.emf.common.ui' version='2.9.0.v20150123-0452'>
      <properties size='1'>
        <property name='download.size' value='155510'/>
      </properties>
    </artifact>
    <artifact classifier='osgi.bundle' id='org.eclipse.gmf.runtime.diagram.ui.resources.editor.ide' version='1.7.0.201406111639'>
      <properties size='1'>
        <property name='download.size' value='67760'/>
      </properties>
    </artifact>
    <artifact classifier='osgi.bundle' id='org.w3c.dom.smil' version='1.0.0.v200806040011'>
      <properties size='1'>
        <property name='download.size' value='15995'/>
      </properties>
    </artifact>
    <artifact classifier='osgi.bundle' id='org.eclipse.core.filesystem' version='1.4.100.v20140514-1614'>
      <properties size='1'>
        <property name='download.size' value='58234'/>
      </properties>
    </artifact>
    <artifact classifier='osgi.bundle' id='org.eclipse.e4.core.di' version='1.4.0.v20140414-1837'>
      <properties size='1'>
        <property name='download.size' value='54286'/>
      </properties>
    </artifact>
    <artifact classifier='osgi.bundle' id='org.eclipse.gmf.runtime.sdk' version='1.7.0.201406111639'>
      <properties size='1'>
        <property name='download.size' value='13600'/>
      </properties>
    </artifact>
    <artifact classifier='osgi.bundle' id='org.eclipse.emf' version='2.6.0.v20150123-0452'>
      <properties size='1'>
        <property name='download.size' value='11257'/>
      </properties>
    </artifact>
    <artifact classifier='osgi.bundle' id='org.eclipse.epsilon.eol.dt' version='1.2.0.201408251031'>
      <properties size='1'>
        <property name='download.size' value='264117'/>
      </properties>
    </artifact>
    <artifact classifier='osgi.bundle' id='org.eclipse.ui.navigator.resources' version='3.4.700.v20140407-1004'>
      <properties size='1'>
        <property name='download.size' value='128392'/>
      </properties>
    </artifact>
    <artifact classifier='osgi.bundle' id='org.eclipse.emf.ecore.xmi' version='2.10.2.v20150123-0348'>
      <properties size='1'>
        <property name='download.size' value='229547'/>
      </properties>
    </artifact>
    <artifact classifier='osgi.bundle' id='org.eclipse.e4.ui.workbench3' version='0.12.0.v20140227-2118'>
      <properties size='1'>
        <property name='download.size' value='10248'/>
      </properties>
    </artifact>
    <artifact classifier='osgi.bundle' id='org.eclipse.ui.views.properties.tabbed' version='3.6.0.v20140519-0906'>
      <properties size='1'>
        <property name='download.size' value='105984'/>
      </properties>
    </artifact>
    <artifact classifier='osgi.bundle' id='org.sat4j.pb' version='2.3.5.v201404071733'>
      <properties size='1'>
        <property name='download.size' value='242556'/>
      </properties>
    </artifact>
    <artifact classifier='osgi.bundle' id='org.eclipse.equinox.app' version='1.3.200.v20130910-1609'>
      <properties size='1'>
        <property name='download.size' value='86245'/>
      </properties>
    </artifact>
    <artifact classifier='osgi.bundle' id='org.eclipse.gmf.runtime.emf.clipboard.core' version='1.7.0.201406111639'>
      <properties size='1'>
        <property name='download.size' value='107562'/>
      </properties>
    </artifact>
    <artifact classifier='osgi.bundle' id='org.apache.lucene.analysis' version='3.5.0.v20120725-1805'>
      <properties size='1'>
        <property name='download.size' value='909272'/>
      </properties>
    </artifact>
    <artifact classifier='osgi.bundle' id='org.apache.batik.util' version='1.6.0.v201011041432'>
      <properties size='1'>
        <property name='download.size' value='108828'/>
      </properties>
    </artifact>
    <artifact classifier='osgi.bundle' id='org.eclipse.ui.ide' version='3.10.0.v20140521-1937'>
      <properties size='1'>
        <property name='download.size' value='2530310'/>
      </properties>
    </artifact>
    <artifact classifier='osgi.bundle' id='org.eclipse.e4.ui.workbench.swt' version='0.12.100.v20140530-1436'>
      <properties size='1'>
        <property name='download.size' value='184491'/>
      </properties>
    </artifact>
    <artifact classifier='osgi.bundle' id='org.eclipse.ui.forms' version='3.6.100.v20140422-1825'>
      <properties size='1'>
        <property name='download.size' value='302409'/>
      </properties>
    </artifact>
    <artifact classifier='osgi.bundle' id='org.eclipse.gmf.runtime.emf.ui.properties' version='1.7.0.201406111639'>
      <properties size='1'>
        <property name='download.size' value='61172'/>
      </properties>
    </artifact>
    <artifact classifier='osgi.bundle' id='org.eclipse.jetty.io' version='8.1.14.v20131031'>
      <properties size='1'>
        <property name='download.size' value='113315'/>
      </properties>
    </artifact>
    <artifact classifier='osgi.bundle' id='org.apache.lucene.core' version='3.5.0.v20120725-1805'>
      <properties size='1'>
        <property name='download.size' value='1550773'/>
      </properties>
    </artifact>
    <artifact classifier='osgi.bundle' id='org.eclipse.gmf.runtime.diagram.core' version='1.7.0.201406111639'>
      <properties size='1'>
        <property name='download.size' value='130453'/>
      </properties>
    </artifact>
    <artifact classifier='osgi.bundle' id='org.eclipse.datatools.sqltools.editor.core' version='1.0.3.v201212120623'>
      <properties size='1'>
        <property name='download.size' value='183484'/>
      </properties>
    </artifact>
    <artifact classifier='osgi.bundle' id='org.eclipse.xsd.edit' version='2.7.0.v20140519-0339'>
      <properties size='1'>
        <property name='download.size' value='223256'/>
      </properties>
    </artifact>
    <artifact classifier='osgi.bundle' id='org.eclipse.gmf.runtime.emf.type.ui' version='1.7.0.201406111639'>
      <properties size='1'>
        <property name='download.size' value='17616'/>
      </properties>
    </artifact>
    <artifact classifier='osgi.bundle' id='org.eclipse.datatools.sqltools.sql' version='1.0.1.v201110050515'>
      <properties size='1'>
        <property name='download.size' value='88288'/>
      </properties>
    </artifact>
    <artifact classifier='osgi.bundle' id='org.eclipse.ltk.ui.refactoring' version='3.7.100.v20140324-1358'>
      <properties size='1'>
        <property name='download.size' value='458577'/>
      </properties>
    </artifact>
    <artifact classifier='osgi.bundle' id='org.eclipse.gmf.runtime.diagram.ui.printing.render' version='1.8.0.201406111639'>
      <properties size='1'>
        <property name='download.size' value='90729'/>
      </properties>
    </artifact>
    <artifact classifier='osgi.bundle' id='org.eclipse.jetty.util' version='8.1.14.v20131031'>
      <properties size='1'>
        <property name='download.size' value='301680'/>
      </properties>
    </artifact>
    <artifact classifier='osgi.bundle' id='org.eclipse.help' version='3.6.0.v20130326-1254'>
      <properties size='1'>
        <property name='download.size' value='258927'/>
      </properties>
    </artifact>
    <artifact classifier='osgi.bundle' id='org.eclipse.epsilon.ewl.gmf' version='1.2.0.201408251031'>
      <properties size='1'>
        <property name='download.size' value='14449'/>
      </properties>
    </artifact>
    <artifact classifier='osgi.bundle' id='org.eclipse.emf.cdo.ecore.retrofit' version='4.2.100.v20140308-0604'>
      <properties size='1'>
        <property name='download.size' value='18582'/>
      </properties>
    </artifact>
    <artifact classifier='osgi.bundle' id='org.eclipse.equinox.p2.operations' version='2.4.0.v20131119-0908'>
      <properties size='1'>
        <property name='download.size' value='75607'/>
      </properties>
    </artifact>
    <artifact classifier='osgi.bundle' id='br.ufpe.cin.eercase' version='1.0.0.201601112300'>
      <properties size='1'>
        <property name='download.size' value='101999'/>
      </properties>
    </artifact>
    <artifact classifier='osgi.bundle' id='org.eclipse.equinox.p2.directorywatcher' version='1.1.0.v20131211-1531'>
      <properties size='1'>
        <property name='download.size' value='33147'/>
      </properties>
    </artifact>
    <artifact classifier='osgi.bundle' id='org.eclipse.datatools.sqltools.common.ui' version='1.0.1.v201212120623'>
      <properties size='1'>
        <property name='download.size' value='222639'/>
      </properties>
    </artifact>
    <artifact classifier='osgi.bundle' id='org.eclipse.equinox.p2.discovery' version='1.0.300.v20131210-1027'>
      <properties size='1'>
        <property name='download.size' value='36497'/>
      </properties>
    </artifact>
    <artifact classifier='osgi.bundle' id='org.eclipse.equinox.security' version='1.2.0.v20130424-1801'>
      <properties size='1'>
        <property name='download.size' value='107313'/>
      </properties>
    </artifact>
    <artifact classifier='osgi.bundle' id='org.eclipse.gmf.runtime.draw2d.ui' version='1.8.0.201406111639'>
      <properties size='1'>
        <property name='download.size' value='309749'/>
      </properties>
    </artifact>
    <artifact classifier='osgi.bundle' id='org.eclipse.jetty.http' version='8.1.14.v20131031'>
      <properties size='1'>
        <property name='download.size' value='103777'/>
      </properties>
    </artifact>
    <artifact classifier='osgi.bundle' id='org.eclipse.team.ui' version='3.7.100.v20130710-1213'>
      <properties size='1'>
        <property name='download.size' value='1438912'/>
      </properties>
    </artifact>
    <artifact classifier='osgi.bundle' id='org.eclipse.e4.ui.di' version='1.0.0.v20140328-2112'>
      <properties size='1'>
        <property name='download.size' value='15867'/>
      </properties>
    </artifact>
    <artifact classifier='osgi.bundle' id='org.eclipse.gmf.runtime.emf.ui' version='1.7.0.201406111639'>
      <properties size='1'>
        <property name='download.size' value='91872'/>
      </properties>
    </artifact>
    <artifact classifier='osgi.bundle' id='org.eclipse.ecf.ssl' version='1.1.0.v20140528-1625'>
      <properties size='1'>
        <property name='download.size' value='14559'/>
      </properties>
    </artifact>
    <artifact classifier='osgi.bundle' id='org.eclipse.equinox.p2.touchpoint.natives' version='1.1.100.v20140523-0116'>
      <properties size='1'>
        <property name='download.size' value='53869'/>
      </properties>
    </artifact>
    <artifact classifier='osgi.bundle' id='org.eclipse.equinox.security.ui' version='1.1.200.v20130626-2037'>
      <properties size='1'>
        <property name='download.size' value='182500'/>
      </properties>
    </artifact>
    <artifact classifier='osgi.bundle' id='org.eclipse.ecf.filetransfer' version='5.0.0.v20140528-1625'>
      <properties size='1'>
        <property name='download.size' value='51736'/>
      </properties>
    </artifact>
    <artifact classifier='osgi.bundle' id='org.eclipse.epsilon.common' version='1.2.0.201408251031'>
      <properties size='1'>
        <property name='download.size' value='76970'/>
      </properties>
    </artifact>
    <artifact classifier='osgi.bundle' id='org.eclipse.equinox.p2.repository.tools' version='2.1.0.v20131211-1531'>
      <properties size='1'>
        <property name='download.size' value='233529'/>
      </properties>
    </artifact>
    <artifact classifier='osgi.bundle' id='org.eclipse.gmf.runtime.common.ui.action.ide' version='1.7.0.201406111639'>
      <properties size='1'>
        <property name='download.size' value='38109'/>
      </properties>
    </artifact>
    <artifact classifier='osgi.bundle' id='org.eclipse.equinox.p2.director.app' version='1.0.300.v20140228-1829'>
      <properties size='1'>
        <property name='download.size' value='51968'/>
      </properties>
    </artifact>
    <artifact classifier='osgi.bundle' id='org.eclipse.gmf.runtime.common.ui.services.dnd' version='1.7.0.201406111639'>
      <properties size='1'>
        <property name='download.size' value='90795'/>
      </properties>
    </artifact>
    <artifact classifier='osgi.bundle' id='org.eclipse.gmf.runtime.diagram.ui.render' version='1.7.0.201406111639'>
      <properties size='1'>
        <property name='download.size' value='115089'/>
      </properties>
    </artifact>
    <artifact classifier='osgi.bundle' id='org.eclipse.core.contenttype' version='3.4.200.v20140207-1251'>
      <properties size='1'>
        <property name='download.size' value='93948'/>
      </properties>
    </artifact>
    <artifact classifier='osgi.bundle' id='org.eclipse.datatools.modelbase.sql' version='1.0.6.v201208230744'>
      <properties size='1'>
        <property name='download.size' value='561096'/>
      </properties>
    </artifact>
    <artifact classifier='osgi.bundle' id='org.eclipse.datatools.connectivity' version='1.2.11.v201401230755'>
      <properties size='1'>
        <property name='download.size' value='263023'/>
      </properties>
    </artifact>
    <artifact classifier='osgi.bundle' id='org.apache.batik.css' version='1.6.0.v201011041432'>
      <properties size='1'>
        <property name='download.size' value='278151'/>
      </properties>
    </artifact>
    <artifact classifier='osgi.bundle' id='org.eclipse.equinox.p2.touchpoint.eclipse' version='2.1.200.v20140512-1650'>
      <properties size='1'>
        <property name='download.size' value='127549'/>
      </properties>
    </artifact>
    <artifact classifier='osgi.bundle' id='org.eclipse.compare.core' version='3.5.400.v20130903-0736'>
      <properties size='1'>
        <property name='download.size' value='63387'/>
      </properties>
    </artifact>
    <artifact classifier='osgi.bundle' id='org.apache.batik.transcoder' version='1.6.0.v201011041432'>
      <properties size='1'>
        <property name='download.size' value='87280'/>
      </properties>
    </artifact>
    <artifact classifier='osgi.bundle' id='org.eclipse.ocl.ecore' version='3.3.100.v20140524-1358'>
      <properties size='1'>
        <property name='download.size' value='370451'/>
      </properties>
    </artifact>
    <artifact classifier='osgi.bundle' id='org.eclipse.equinox.p2.updatechecker' version='1.1.200.v20131119-0908'>
      <properties size='1'>
        <property name='download.size' value='17665'/>
      </properties>
    </artifact>
    <artifact classifier='osgi.bundle' id='org.apache.batik.pdf' version='1.6.0.v201105071520'>
      <properties size='1'>
        <property name='download.size' value='522716'/>
      </properties>
    </artifact>
    <artifact classifier='osgi.bundle' id='org.eclipse.datatools.sqltools.sql.ui' version='1.0.1.v201201270735'>
      <properties size='1'>
        <property name='download.size' value='29500'/>
      </properties>
    </artifact>
    <artifact classifier='osgi.bundle' id='org.eclipse.e4.ui.css.core' version='0.10.100.v20140424-2042'>
      <properties size='1'>
        <property name='download.size' value='207929'/>
      </properties>
    </artifact>
    <artifact classifier='osgi.bundle' id='org.eclipse.equinox.common' version='3.6.200.v20130402-1505'>
      <properties size='1'>
        <property name='download.size' value='106701'/>
      </properties>
    </artifact>
    <artifact classifier='osgi.bundle' id='org.w3c.css.sac' version='1.3.1.v200903091627'>
      <properties size='1'>
        <property name='download.size' value='32952'/>
      </properties>
    </artifact>
    <artifact classifier='osgi.bundle' id='org.eclipse.datatools.sqltools.editor.core.ui' version='1.0.0.v201001150815'>
      <properties size='1'>
        <property name='download.size' value='44412'/>
      </properties>
    </artifact>
    <artifact classifier='osgi.bundle' id='org.eclipse.gmf.runtime.draw2d.ui.render.awt' version='1.8.0.201406111639'>
      <properties size='1'>
        <property name='download.size' value='192989'/>
      </properties>
    </artifact>
    <artifact classifier='osgi.bundle' id='org.eclipse.equinox.p2.ui' version='2.3.0.v20140404-1657'>
      <properties size='1'>
        <property name='download.size' value='568705'/>
      </properties>
    </artifact>
    <artifact classifier='osgi.bundle' id='org.eclipse.gmf.runtime.diagram.ui.providers.ide' version='1.7.0.201406111639'>
      <properties size='1'>
        <property name='download.size' value='23065'/>
      </properties>
    </artifact>
    <artifact classifier='osgi.bundle' id='org.eclipse.jetty.servlet' version='8.1.14.v20131031'>
      <properties size='1'>
        <property name='download.size' value='109181'/>
      </properties>
    </artifact>
    <artifact classifier='osgi.bundle' id='org.eclipse.draw2d' version='3.9.101.201408150207'>
      <properties size='1'>
        <property name='download.size' value='597432'/>
      </properties>
    </artifact>
    <artifact classifier='osgi.bundle' id='org.apache.batik.parser' version='1.6.0.v201011041432'>
      <properties size='1'>
        <property name='download.size' value='62223'/>
      </properties>
    </artifact>
    <artifact classifier='osgi.bundle' id='org.eclipse.equinox.preferences' version='3.5.200.v20140224-1527'>
      <properties size='1'>
        <property name='download.size' value='127161'/>
      </properties>
    </artifact>
    <artifact classifier='osgi.bundle' id='org.eclipse.emf.transaction' version='1.8.0.201405281451'>
      <properties size='1'>
        <property name='download.size' value='168896'/>
      </properties>
    </artifact>
    <artifact classifier='osgi.bundle' id='org.eclipse.e4.core.services' version='1.2.0.v20140509-1840'>
      <properties size='1'>
        <property name='download.size' value='45518'/>
      </properties>
    </artifact>
    <artifact classifier='osgi.bundle' id='org.eclipse.osgi.compatibility.state' version='1.0.0.v20140403-1907'>
      <properties size='1'>
        <property name='download.size' value='242107'/>
      </properties>
    </artifact>
  </artifacts>
</repository>
